TIC ID,CTOI,Promoted to TOI,TESS Mag,TESS Mag err,RA,Dec,PM RA (mas/yr),PM RA err (mas/yr),PM Dec (mas/yr),PM RA (mas/yr).1,Transit Epoch (BJD),Transit Epoch (BJD) err,Period (days),Period (days) Error,Depth mmag,Depth mmag Error,Depth ppm,Depth ppm Error,Duration (hrs),Radius (R_Earth),Radius (R_Earth) Error,Stellar Distance (pc),Stellar Distance (pc) err,Stellar Eff Temp (K),Stellar Eff Temp (K) err,Stellar log(g) (cm/s^2),Stellar log(g) (cm/s^2) err,Stellar Radius (R_Sun),Stellar Radius (R_Sun) err,cTOI author,period_PHT,period err neg,period err pos,depth_PHT,planet_radius
55525572,55525572.01,813.01,9.8467,0.006,72.69401,-60.905461,-3.733,0.047,-2.789,0.054,2458454.675,0.01,83.8889,0.01,1.133014,0.003257,1043,3,14,,,263.145,1.569,5823.7,122.925,3.83849,0.0747553,2.04354,0.0984121,PHT,83.8951,0.004,0.004,1349.153603,7.31
296737508,296737508,,9.19706,0.006,142.17927,-14.686449,1.342,0.079,-4.534,0.063,2458538,0.1,,,1.956086,0.108579,1800,100,13,,,118.021,0.582,5699.6,132.759,4.23585,0.0784879,1.27157,0.067284,PHT,18.27,5.06,17.45,2029.595982,5.33
306472057,306472057,791.01,10.7525,0.006,118.434757,-69.701736,-5.065,0.056,8.192,0.051,2458288.309,0.004,139.3138,0.0027,5.043213,0.141155,4634.2,130,12.14,10.4,0.4,341.221,3.0735,6727,129.064,4.28297,0.0905851,1.42962,0.0590955,PHT,139.3036031,0.000406432,0.000406432,4900.505567,10.25533771
101641905,101641905,,11.2102,0.006,175.359202,34.68337,23.833,0.057,-22.12,0.052,2458917.25,0.05,0,,3,21.935,0.543,20000,500,8.5,2,108.444,0.402,4517,124.556,4.56239,0.0992023,0.730241,0.0574296,PHT,14.52,5.25,6.21,13403.43825,9.76
103633672,103633672,2085.01,9.8499,0.006,152.223473,70.394557,-33.703,0.047,-40.063,0.059,2458850.35,0.02,0,,7,2.174,0.217,2000,200,3.5,1,84.5772,0.23065,5134,126.158,4.57244,0.0884481,0.799051,0.0487588,PHT,90.9,23.7,46.4,1707.608929,3.45
110996418,110996418,,13.4003,0.006,188.696788,-10.31971,-8.077,1.787,-10.82,1.287,2458580.65,0.01,0,0,3.6,13.108,1.086,12000,1000,12.7,3,696.695,,,,,,,,PHT,5.18,2.93,6.86,12364.83844,12.7
128703021,128703021,,5.5859,0.006,219.793951,-46.585398,-198.202,0.122,-214.385,0.08,2458601.85,,0,,7.2,0.652,0.217,600,200,4,2,34.0141,0.06055,6281.14,103.866,4.12175,0.07672,1.59629,0.0630025,PHT,26,8.22,22.35,692.8116294,4.44
138126035,138126035,2321.01,9.84325,0.006,196.736409,16.54934,-3.822,0.103,-25.162,0.069,2458954.323,0.007,,,4.6,1.527,0.652,1405,600,4,0.7,120.535,0.6485,5645.84,105.274,4.46148,0.0728202,0.974373,0.0429648,PHT,28.8,14,203.2,1573.464938,4.01
139470998,139470998,,9.9103,0.007,35.576414,-25.598203,23.994,0.077,9.956,0.089,2458394.987,0.003,121.8,0.5,10.8,2.897,0.163,2664.95,150,8.27,0.4,260.441,3.2395,6877,124.776,4.27676,0.0883293,1.46976,0.0620553,PHT,121.8,17.4,24.4,557.4723546,8.27
142087638,142087638,2404.01,11.1464,0.006,98.442149,-74.190098,-14.483,0.04,5.89,0.051,2458512.17,0.01,0,0,2.55,2.718,0.543,2500,500,5.8,1,295.737,2.154,6142,132.18,4.35874,0.0831648,1.18003,0.0538191,PHT,3.14,1.41,12.04,2490.726823,6.05
149601126,149601126,2525.01,13.4006,0.006,86.850974,-60.521308,21.759,0.026,23.299,0.029,2459056.066,0.004,23.19,0.002,3.6,10.605,0.434,9720,400,8.8,1.1,395.398,2.241,4944,122,4.5144,,0.824284,,PHT,49.23046,0.00031,0.00034,557.4723546,8.94
149601126,149601126,2525.02,13.4006,0.006,86.850974,-60.521308,21.759,0.026,23.299,0.029,2459123.27,0.003,49.23,0.1,6.7,15.627,1.195,14290,1100,10.8,0.8,395.398,2.241,4944,122,4.5144,,0.824284,,PHT,23.1927,0.0019,0.0018,557.4723546,8.83
159159904,159159904,,8.71483,0.006,199.253911,57.283724,-109.8,0.042,124.062,0.038,2458918.61,0.02,0,,14.6,0.543,0.109,500,100,3,2,108.415,0.3115,6324,129.143,4.37738,0.0878734,1.19798,0.0542261,PHT,584,215,1724,641.4296759,3.12
160039081,160039081,2082.01,7.8206,0.006,241.581203,53.514641,69.846,0.048,-93.055,0.06,2458752.93,0.02,0,,4.8,0.543,0.109,500,100,2.4,1,63.7194,0.11525,6004,117.657,4.36245,0.0741661,1.1494,0.0511759,PHT,30.19918,0.00099,0.00094,524.6018397,2.67
162631539,162631539,,6.9014,0.006,245.779902,50.344188,55.158,0.037,-6.886,0.042,2458978.279,0.005,,,5.5,0.434,0.109,400,100,2.9,0.5,50.4126,0.05325,6060.54,141.673,4.21457,0.0917489,1.37496,0.0701231,PHT,17.32,6.66,52.35,442.4451504,2.94
166184426,166184426,1955.01,11.1825,0.007,206.105083,-40.336403,150.065,0.12,71.874,0.143,2458600.44,0.01,16.33,0.02,1.1,4.352,0.543,4000,500,,,22.4731,0.04095,3327,157,4.91379,0.00433214,0.31097,0.00932766,PHT,16.3325,0.0066,0.0052,3404.642377,1.85
167661160,167661160,2479.01,9.354,0.006,79.709348,-36.037694,68.578,0.036,21.203,0.044,2458442.07,0.004,36.8,0.07,5.1,1.739,0.543,1600,500,4,0.4,104.896,0.255,5363.1,129.682,4.24103,0.0847839,1.20993,0.0713895,PHT,36.802,0.07,0.069,1139.387891,4.07
170161682,170161682,,12.3487,0.006,101.723618,-43.970685,-3.326,0.043,-25.273,0.05,2459213.681,0.004,25.16,0.01,9,10.912,1.086,10000,1000,,,647.665,10.09,5844,131.66,4.04268,0.0783961,1.61543,0.0811056,PHT,25.158,0.0053,0.0049,1506.203529,18.09
172370679,172370679,1899.01,12.5826,0.007,299.426847,40.143346,35.427,0.025,18.828,0.029,2458711.98,0.02,0,,4.5,44.322,5.442,40000,5000,,,128.438,0.25,3854,157,4.63619,0.0110121,0.617863,0.0181815,PHT,32.84,4.17,5.59,45942.38858,13.24
174302697,174302697,1896.01,8.88374,0.006,352.17861,47.349521,56.957,0.046,0.365,0.042,2458743.727,,0,,5,2.174,0.543,2000,500,10,3,169.851,0.914,6750,178.876,4.18569,0.0924767,1.60572,0.0682312,PHT,498.2,80,95.3,6071.746615,13.34
179582003,179582003,,10.2301,0.006,80.451368,-69.988217,21.922,0.061,4.006,0.063,2458518.469,0.003,104.611,0.004,,5.988,1.086,5500,1000,,,178.26,1.0135,6115.26,120.386,3.90726,0.081305,1.97585,0.0913716,PHT,104.6137,0.0022,0.0022,4277.096063,7.51
192415680,192415680,,9.2063,0.006,46.061033,43.557667,71.775,0.1,-66.077,0.065,2458769.02,0.2,0,,5.8,3.262,0.543,3000,500,7,2,72.4731,0.20825,5358.99,145.967,4.55259,0.0901946,0.845239,0.0538894,PHT,18.47,6.34,21.73,2574.322268,4.43
192790476,192790476,2459.01,9.3951,0.006,82.143332,-39.373046,88.576,0.042,16.749,0.045,2458452.33,0.02,0,0,3.6,2.391,0.543,2200,500,3.5,1,36.6113,0.03455,4195,124.8,4.59888,0.106536,0.675093,0.0630151,PHT,16.09,5.73,15.49,2342.876496,3.24
206361691,206361691,,8.3408,0.006,356.628534,-48.958006,-84.295,0.028,29.532,0.041,2458363.25,0.1,0,,14,0.326,0.054,300,50,,,98.2118,0.33535,6002,124.798,4.1943,0.0819649,1.3949,0.0657286,PHT,237.7,81,314.4,345.2305651,2.69
207501148,207501148,2320.01,9.85317,0.006,247.657124,56.399869,-51.626,0.087,125.209,0.106,2459007.727,0.001,,,4.6,8.502,0.652,7800,600,12.8,2.2,167.542,1.471,5879,120.447,4.28122,0.0741616,1.23623,0.0569347,PHT,39.9,10.3,14.3,8020.413641,13.31
209006017,209006017,,11.1677,0.006,245.537293,-59.659689,-1.309,0.089,-6.698,0.08,2459376.09,0.003,,,,5.77,0.543,5300,500,13,1,631.754,23.819,8482,151.898,4.33473,0.0790275,1.6361,0.0810452,PHT,21.51,5.96,11.25,557.4723546,12.93
209464063,209464063,,10.6691,0.006,47.384187,-34.198481,-5.565,0.032,-89.146,0.038,2458424.69,0.03,119.335,,8.8,2.609,0.869,2400,800,5,1,165.393,0.7005,5516,130.718,4.47672,0.0820106,0.942022,0.0493819,PHT,119.3,39.8,102.3,557.4723546,5.03
219466784,219466784,2007.01,10.199,0.006,209.858415,74.151228,64.23,0.066,-63.374,0.052,2458872.7,0.1,0,,9.5,1.086,0.543,1000,500,3,1,115.409,0.389,5249,124.629,4.48682,0.0820144,0.895408,0.0510955,PHT,318,147,1448,1243.762125,3.26
219641816,219641816,,11.3521,0.006,175.262765,-18.135658,-63.825,0.063,-15.331,0.038,2459296.108,0.003,,,4.4,3.916,0.38,3600,350,6.3,0.45,237.362,2.19,5648,124.725,4.47592,0.0777884,0.958312,0.0476457,PHT,17.9,5.67,17.96,557.4723546,6.31
224307602,224307602,,8.7093,0.006,233.123184,55.581155,11.781,0.059,-39.539,0.051,2458979.4,0.05,0,,,0.815,0.543,750,500,,,195.118,1.096,6658,129.851,3.9824,0.085731,1.9994,0.0890075,PHT,193.7110678,127,310,747.9853702,6.02
229055790,229055790,,9.1367,0.006,331.965824,-34.023835,31.549,0.066,20.579,0.071,2458337.87,0.02,0,0,6.5,1.195,0.217,1100,200,3.8,2,102.625,0.527,5865,128.335,4.41331,0.0730575,1.05933,0.0498492,PHT,48,12.8,48.4,973.8416198,3.52
229608594,229608594,2298.01,11.1919,0.006,274.512058,74.466535,17.772,0.032,-67.083,0.042,2458960.032,0.007,,,6.9,3.698,0.543,3400,500,3.4,0.4,84.1738,0.1599,4239,119.935,4.61861,0.104338,0.659937,0.0590402,PHT,152.4,54.1,152.6,2516.322945,3.42
229742722,229742722,1859.01,9.93689,0.006,279.831764,69.522873,12.12,0.044,-12.156,0.041,2458726.137,0.05,126.968,0.2,2.667,5.442,0.543,5000,500,9.9,2,224.385,1.167,6415,131.285,4.25577,0.0868657,1.40156,0.0615226,PHT,29,16.4,66.3,409.8615012,2.9
233194447,233194447,,8.71433,0.006,263.949937,66.758971,5.578,0.054,-24.944,0.058,2458770.49,0.05,0,,24,0.543,0.109,500,100,5,2,207.771,1.1415,6582,126.298,3.89425,0.0861232,2.18912,0.0917612,PHT,373,101,284,525.5716527,5.08
235943205,235943205,2264.01,10.5653,0.006,295.927746,78.725919,5.445,0.082,-7.169,0.069,2458827.03,,0,,6,5.442,0.543,5000,500,4,2,189.22,2.138,6140,128.245,4.54184,0.0805252,0.957395,0.041809,PHT,121.3394,0.0063,0.0065,1823.470088,4.2
237201858,237201858,2286.01,9.85236,0.006,292.823315,72.538317,-15.379,0.04,12.25,0.043,2458811.51,0.01,0,0,10.9,1.086,0.217,1000,200,4.3,1,233.507,1.0275,6863,212.202,4.27882,0.0938819,1.4648,0.0625327,PHT,129.7,41.5,146.8,727.2161036,4.12
242241304,242241304,,11.811,0.006,211.584923,-43.044762,-29.111,0.082,-4.192,0.076,2459345.374,0.004,,,4.15,5.224,0.978,4800,900,4.9,0.6,354.692,7.133,5781,123.253,4.34437,0.0759175,1.13597,0.0562438,PHT,53.2,20.4,86.4,1823.470088,4.9
243187830,243187830,2009.01,7.3551,0.006,16.908292,22.952868,103.07,0.111,-490.315,0.107,2458783.77,0.01,0,0,2.5,0.652,0.217,600,200,2,1,20.5272,0.0294,4755.33,99.563,4.62683,0.0808477,0.701499,0.0400754,PHT,4.05,1.53,9.21,829.5295165,2.06
243417115,243417115,,10.8094,0.006,205.357514,-46.631425,-37.493,0.082,-11.045,0.087,2458614.49,0.01,0,0,1.9,2.174,0.543,2000,500,5,2,158.016,1.6455,5253.98,116.798,4.44289,0.0855678,0.943429,0.0535478,PHT,1.81,0.73,3.45,3131.9906,5.39
24795168,24795168.01,,8.84986,0.006,350.168842,48.764353,-42.24,0.049,-68.591,0.043,2458764.885,0.004,,,5.7,0.941,0.206,866,190,4.8,0.6,127.83,0.5105,5908,134.352,4.12309,0.0812228,1.48933,0.0754598,PHT,12.79,5.49,28.14,1823.470088,4.8
256429408,256429408,,8.43041,0.006,325.003248,69.086612,-1.641,0.057,37.14,0.051,2458962.16,0.002,,,17.1,1.412,0.217,1300,200,6.2,0.3,126.959,0.417,6477,159.34,4.16898,0.0879224,1.56674,0.0651181,PHT,382,132,265,1374.202918,6.12
258917846,258917846,,10.3342,0.006,197.912511,-47.45457,-11.6,1.8,-13,1.7,2458605.097,0.007,32.29,0.14,8.3,1.402,0.195,1290,180,4.8,0.5,220.465,,6013,,,,1.23318,,PHT,32.29267,0.00045,0.13777,557.4723546,4.84
264544388,264544388,1893.01,8.43389,0.006,326.438392,79.613939,23.5,0.045,18.487,0.047,2458824.8,,0,,15,0.543,0.109,500,100,3.5,1,134.912,0.4745,6996,129.479,4.29542,0.0844643,1.46151,0.0554825,PHT,7030,6260,3330,735.5133504,4.58
264766922,264766922,,10.174,0.006,117.247667,-58.363904,-4.4,3.1,14.2,2.9,2458538.695,0.001,,,2.7,6.862,0.434,6300,400,16,2,339.041,,6913,,,,1.65965,,PHT,3.28,0.94,1.25,7213.487471,16.95
26547036,26547036.01,2010.01,9.26693,0.006,292.166942,53.487369,40.519,0.067,11.106,0.066,2458712.3,0.01,0,0,8.5,10.912,2.174,10000,2000,11,1,109.19,0.321,5842,129.228,4.39929,0.0793101,1.07352,0.0529397,PHT,73,13.6,16.5,11637.01753,11.75
267542728,267542728,,10.2521,0.007,289.533965,75.202095,-7.907,0.042,0.547,0.044,2458708.49,0.013,39.74,0.003,24.05,,,,,18.62,1.9,475.432,5.8215,4683,122,,,4.88886,,PHT,39.7382,35,42.349,1308.214181,18.46
268534931,268534931,,12.2215,0.006,15.126364,-23.179558,40.197,0.063,-6.035,0.047,2459139.101,0.004,,,7.1,5.14,0.434,4723,400,,,246.141,2.112,5179,117.958,4.60205,0.0828025,0.776693,0.0442312,PHT,106.29,39,202,4680.451902,5.8553098
273418421,273418421,4358.01,8.9077,0.006,344.124307,-76.797679,-180.288,0.037,34.75,0.039,2458681.577,0.004,43.38,,5.3,0.63,0.06,580,55,2.2,0.15,66.1798,0.09645,5577,129.148,4.59778,0.0829991,0.823673,0.0432362,PHT,43.38397,0.00061,0.00061,557.4723546,2.17
274599700,274599700,2317.01,11.8831,0.007,255.328342,51.529396,-27.478,0.037,19.344,0.037,2459002.12,0.003,32.98,0.01,8.2,8.721,1.086,8000,1000,13.3,0.9,448.143,3.98,5635.75,143.237,4.12397,0.0865629,1.43565,0.0839045,PHT,32.9754,0.005,0.005,7751.987293,13.25
278990954,278990954,,10.1864,0.006,102.010404,-58.137496,0.96,0.04,-20.267,0.041,2458650.02,0.01,0,,10.4,1.63,0.271,1500,250,9.4,1.3,360.715,3.017,5760.57,127.034,3.63118,0.076643,2.56959,0.13411,PHT,18.45,8.66,230.7,1321.861755,9.65
280031353,280031353,,11.8231,0.006,297.416187,68.883354,17.488,0.038,2.292,0.046,2459398.736,0.003,,,17.4,10.802,0.543,9900,500,8.6,0.6,221.705,1.0125,5607,158.447,4.63178,0.076559,0.796892,0.0411759,PHT,1351,269,352,1823.470088,8.62
280865159,280865159,1894.01,10.7519,0.021,100.798591,-78.281094,39.23,2,56.87,2,2458387.08,,0,,12,2.174,0.543,2000,500,,,178.372,,5611,,,,1.0692,,PHT,1045,249,536,1963.714878,4.75
284361752,284361752,2294.01,9.78288,0.006,288.108567,54.640427,17.354,0.044,-14.284,0.042,2459032.093,0.008,,,10,0.728,0.087,670,80,3.6,0.3,191.396,0.7605,6424,132.667,4.33722,0.088365,1.27808,0.0580779,PHT,140.6,46.6,159.1,747.5918526,3.62
288240183,288240183,,9.0124,0.006,224.850622,83.327853,-52.93,2,25.36,2,2458896.938,0.006,119.05,0.01,18.4,,,,,4.5,0.4,132.548,,6316,,,,1.38446,,PHT,119.0502,0.0091,0.0089,848.643867,4.28
29169215,29169215.01,,10.7314,0.006,135.324512,47.452351,4.639,0.057,-12.946,0.046,2458872.505,0.004,,,3.5,1.76,0.299,1620,275,,,69.0641,0.1898,4092.4,121.248,4.49983,0.109724,0.74509,0.0683819,PHT,14.89,6.12,24.84,1834.422269,3.28
292202337,292202337,,9.046,0.006,230.887224,-25.370615,-21.417,0.091,29.471,0.076,2458619.208,0.001,,,4.2,1.951,0.087,1795,80,4.57,0.25,85.3751,0.6195,5666,125.63,4.46984,0.0776763,0.968886,0.0494145,PHT,27.75,3.7,3.62,1823.470088,4.47
293649602,293649602,,10.1722,0.006,97.643814,-46.511124,23.7,2.1,11.4,2,2458511.2,0.01,0,,4,2.174,0.543,2000,500,4.4,1,164.32,,5596,,,,1.06356,,PHT,12.85,5.34,42.21,1792.376516,4.66
298663873,298663873,2180.01,8.56854,0.006,277.94363,56.650679,-10.536,0.043,-40.204,0.037,2458830.79,0.05,0,,23.3,4.352,0.543,4000,500,10,2,116.685,0.2665,5739,129.475,4.02569,0.0736056,1.62762,0.0825628,PHT,479.9,89.4,109.4,4535.880358,11.07
303050301,303050301,,9.3986,0.006,351.278507,-28.748669,-25.85,0.306,-12.506,0.092,2458366.12,0.05,0,,8,3.262,1.086,3000,1000,,,90.711,0.53005,5684,122.422,4.56342,0.0725643,0.869926,0.0432638,PHT,281,170,264,2674.932811,4.85
303317324,303317324,4310.01,9.4961,0.006,351.903531,-25.508462,-33.704,0.119,-87.513,0.069,2458365.19,0.01,,,,1.63,0.543,1500,500,,,40.0268,0.08675,4159,127.589,4.53501,0.109622,0.721084,0.0692336,PHT,69,25.5,78.1,1472.792361,2.88
303586471,303586471,4326.01,7.7158,0.006,351.988437,-26.454622,145.862,0.091,-44.339,0.083,2458363.77,0.02,17.58,0.5,4.21,0.543,0.109,500,100,,,57.7233,0.1657,6034.49,111.364,4.42122,0.0734804,1.07903,0.0455201,PHT,13.85,4.19,18.2,521.5190497,2.52
304142124,304142124,1793.01,7.8436,0.006,164.856336,-56.623556,-416.88,0.083,-119.71,0.075,2458585.282,,0,,5.6,2.174,0.543,2000,500,5.5,1,36.9941,0.0688,5167.22,109.53,4.5011,0.0769711,0.867451,0.044593,PHT,42.8,10,18.2,2294.421482,4.1
304339227,304339227,,8.6577,0.006,275.943112,-68.34495,-63.515,0.035,-14.805,0.048,2458673.33,0.01,0,0,5.6,0.543,0.217,500,200,3,1,92.0015,0.24925,6012,121.697,4.38049,0.0785569,1.12577,0.0506985,PHT,111.9,72.2,4844.1,689.6320685,3.27
307958020,307958020,,8.3498,0.006,256.843102,62.475548,-23.056,0.046,-67.019,0.046,2458864.82,0.05,0,0,10,0.543,0.217,500,200,3.5,2,95.2016,0.23835,5490.04,148.457,4.02198,0.0885438,1.5819,0.0978291,PHT,169,107,10194,523.5836599,3.92
308301091,308301091,,9.82897,0.006,267.86727,24.811367,-7.327,0.034,-6.216,0.048,2459030.369,0.003,,,6.6,1.412,0.109,1300,100,5.4,0.3,221.682,1.322,6665.36,142.818,4.31091,0.0961594,1.37318,0.0683869,PHT,29.24,8.49,22.46,1404.536008,5.41
313006381,313006381,,8.7551,0.006,137.524773,75.610842,52.96,0.046,-9.187,0.044,2458705.687,0.008,,,3.83,0.739,0.157,680,145,,,62.2978,0.089,5614,125.01,4.60434,0.0792344,0.821642,0.0412814,PHT,21.56,8.9,54.15,777.9309069,2.34
318812447,318812447,2634.01,10.9648,0.006,41.036551,3.910232,33.8,1.9,-15.8,1.9,2459147.134,0.005,,,4.8,4.57,1.086,4200,1000,6.8,1,155.755,,5349.16,,,,0.95524,,PHT,25.34,9.14,50.46,557.4723546,6.8
323295479,323295479,1861.01,9.9486,0.006,130.80013,-83.061258,41.562,0.043,-59.759,0.036,2458622.93,0.01,,,6.3,8.721,1.086,8000,1000,,,135.758,0.426,5684,135.375,4.39085,0.0785327,1.06113,0.0552212,PHT,117.8,25.8,30.9,8693.878945,11.35
324609409,324609409,,11.1163,0.006,312.694044,-81.272398,38.861,0.037,-22.583,0.036,2459378.419,0.002,,,11,6.632,0.402,6090,370,11.6,0.6,312.903,2.416,6047,124.546,4.21587,0.0777621,1.36681,0.0608467,PHT,146.7,49.4,65.4,1823.470088,11.61
328933398,328933398,1873.01,10.7447,0.006,212.568476,84.371858,1.067,0.044,-2.419,0.037,2458706.449,0.001,24.934,0.007,4.93,1.441,0.11,1326.62,101,,,182.014,0.805,5699,141.132,4.46949,0.0776029,0.971675,0.0471155,PHT,50.5,22.4,77.1,1013.808997,3.14
328933398,328933398,1873.02,10.7447,0.006,212.568476,84.371858,1.067,0.044,-2.419,0.037,2458848.645,0.009,0,,6.97,1.347,0.327,1239.846,301,,,182.014,0.805,5699,141.132,4.46949,0.0776029,0.971675,0.0471155,PHT,24.9335,0.0046,0.005,2162.757807,4.62
331644554,331644554,,9.61487,0.006,330.55306,47.090352,5.18,0.046,0.855,0.047,2458757.03,0.05,0,,8,3.262,0.543,3000,500,9,2,323.808,2.9095,8450,238.967,4.31188,0.0728581,1.67454,0.051191,PHT,947,215,274,3703.664414,21.84
332657786,332657786,,13.0041,0.008,149.991806,-16.159794,52.411,0.122,-172.313,0.093,2458536.76,0.01,0,0,3.3,49.992,5.442,45000,5000,4,2,38.6057,0.1007,3275,157,5.00733,0.0166054,0.234967,0.00708222,PHT,63.76,9.52,11.13,32855.647,3.83
336075472,336075472,,10.6329,0.006,276.862418,45.454489,32.536,0.038,111.749,0.039,2459028.176,0.004,,,5.4,1.739,0.326,1600,300,3.1,0.4,65.4707,0.09755,4152,121.771,4.55825,0.111566,0.702045,0.0657186,PHT,61.9,24,95.6,1899.892316,3.09
349488688,349488688,2319.01,8.40302,0.006,253.784885,20.491524,14.755,0.032,44.689,0.037,2458994.282,0.008,11.625,0.008,,0.76,0.326,700,300,3.4,1.7,107.898,0.317,6329,134.955,4.24509,0.0925756,1.39619,0.0640704,PHT,24.3082022,3.3945057,6.2309083,1381.988852,5.7355294
349488688,349488688,,8.40302,0.006,253.784885,20.491524,14.755,0.032,44.689,0.037,2458994.282,0.008,11.625,0.008,,0.76,0.326,700,300,3.4,1.7,107.898,0.317,6329,134.955,4.24509,0.0925756,1.39619,0.0640704,PHT,11.6261932,0.0025055,0.0022349,486.5029594,3.4560292
349576261,349576261,,11.5326,0.006,112.010059,-63.517779,-5.977,0.043,10.433,0.04,2458456.878,0.006,225.1,0.1,4.6,,,,,13,2,339.605,2.5095,5965.99,109.137,4.28007,0.0724984,1.25231,0.0545578,PHT,,,,7631.013002,11.9
355881602,355881602,,12.0518,0.007,138.146731,-53.531653,-35.775,0.044,50.959,0.045,2459302.925,0.003,,,4.2,8.579,0.869,7870,800,5.1,0.3,77.0909,0.13555,3736,157,4.71367,0.00911764,0.527221,0.0157736,PHT,76.8,15.3,30.8,1823.470088,5.11
356700488,356700488,2098.01,8.20773,0.006,254.455649,68.699581,13.667,0.06,-20.542,0.077,2458756.65,,0,,9,0.434,0.109,400,100,3,1,148.944,0.669,7788,126.105,4.32577,0.074527,1.54578,0.0435377,PHT,184.5,64.7,333.1,350.3689179,2.92
356710041,356710041,2065.01,9.0024,0.007,192.577265,26.159536,12.582,0.055,2.659,0.039,2458932.29,0.05,0,,12,2.718,0.543,2500,500,10,2,234.294,2.1745,5701.43,118.15,3.56597,0.0743608,2.75645,0.13196,PHT,29.6,14,19,2559.527449,14.82
369532319,369532319,,10.1233,0.006,338.574347,33.823466,-1.237,0.075,-29.635,0.076,2458755.81,0.01,0,0,5.6,2.174,0.543,2000,500,,,145.066,1.1995,5758,128.163,4.45663,0.0775638,0.993436,0.0484472,PHT,35.4,12,51.6,1163.185141,3.43
369779127,369779127,,8.769,0.006,147.459326,-85.545248,-32.89,2,28.83,2,2458643.95,0.02,0,0,6.1,1.358,0.271,1250,250,5.5,1,142.116,,6654,,,,1.55182,,PHT,9.93,3.38,19.74,988.1373364,4.89
384159646,384159646,1895.01,9.7556,0.006,243.713459,-81.680597,-17.507,0.044,-31.801,0.048,2458630.392,,0,,5,5.442,1.086,5000,1000,8.771,2,206.229,1.188,6682,127.61,4.3114,0.0881089,1.37387,0.0567035,PHT,11.68,2.75,4.21,4821.711663,9.87
385557214,385557214,,9.6743,0.006,56.491689,27.559299,41.372,0.11,-117.988,0.068,2458791.585,0.05,5.625,0.005,,5.442,0.543,5000,500,,,56.5565,0.25765,4447,119.458,4.48532,0.0974172,0.792357,0.0624095,PHT,5.62451,0.0004,0.00043,5594.285724,8.32
388134787,388134787,,10.1654,0.006,318.236934,67.296633,-59.475,0.046,-49.446,0.04,2458811.05,,0,,8.7,0.543,0.109,500,100,3,1,120.685,0.326,5468,129.304,4.52647,0.0835387,0.883135,0.0474724,PHT,246,127,6209,802.2064785,2.57
400786146,400786146,,10.7716,0.006,167.000935,-67.149824,-0.789,0.052,-1.28,0.038,2459323.081,0.003,22.153,0.005,,6.239,0.597,5730,550,13.4,0.9,333.206,2.7475,6123,135.602,4.07991,0.0824875,1.6267,0.0768643,PHT,22.1535,0.0046,0.0042,1506.203529,13.41
404518509,404518509,4320.01,8.6022,0.006,51.640345,-43.613665,-2.359,0.037,-22.812,0.055,2458431.29,0.05,0,0,5,0.869,0.217,800,200,3,1,79.208,0.1595,5871,125.293,4.43296,0.0790908,1.03563,0.0503367,PHT,26.83,9.46,56.14,773.1855034,2.94
408636441,408636441,1759.01,9.92838,0.007,326.851662,62.753816,-173.47,0.056,-10.46,0.048,2458745.47,0.02,75.4,1,5.6,2.718,0.109,2500,100,4.9,2,40.0654,0.0423,3960,157,4.62853,0.0112399,0.627046,0.0185078,PHT,37.695,0.0034,0.0033,2676.861439,3.32
415399713,415399713,,10.3965,0.006,62.853108,10.277208,37.12,0.153,-11.347,0.082,2459176.65,0.01,,,7.7,0.724,0.163,667,150,2.6,0.5,144.866,1.04,5862,293.678,4.53012,0.0921919,0.92603,0.0459422,PHT,185,89.8,314.2,1823.470088,2.61
418255064,418255064,,11.6157,0.006,196.653058,-80.617002,-15.547,0.052,24.202,0.049,2458629.34,0.02,0,,6.3,6.534,0.543,6000,500,,,156.348,0.635,5342,117.665,4.71456,0.0814719,0.697666,0.0356532,PHT,25.37,7.06,15.41,6160.431843,5.57
420645189,420645189,1897.01,10.1374,0.006,48.370422,75.268379,48.29,0.042,14.617,0.056,2458837.474,,0,,6,0.543,0.109,500,100,7.5,2,158.493,0.8355,5937,142.24,4.44855,0.0775541,1.02867,0.0474372,PHT,250.2,66.6,99.4,5094.8019,8.82
422914082,422914082,4317.01,10.0121,0.006,38.31042,1.69093,397.201,0.077,-2.532,0.083,2458431.56,0.02,0,,4,2.174,0.543,2000,500,3.5,1,67.368,0.21765,4354.29,103.046,4.39555,0.0872734,0.865987,0.0620603,PHT,12.91,3.91,8.97,1920.340614,3.96
423785115,423785115,,11.2457,0.006,70.919714,-26.650255,-9.3,2.6,1.1,2.3,2459197.003,0.001,74.2,0.1,4.9,20.827,14.207,19000,13000,9.6,1,264.855,,5978.6,,,,0.640764,,PHT,74.20612,0.00024,0.17726,1823.470088,9.62
427344083,427344083,,12.5967,0.014,344.15064,70.681074,14.783,0.025,8.398,0.026,2458961.897,0.004,,,2.9,13.108,2.174,12000,2000,,,387.288,2.168,5423,141.927,4.36716,0.0859812,1.05201,0.0560955,PHT,7.77,5.6,9.65,10440.00874,12.27
436873727,436873727,,7.1323,0.006,42.558202,25.333533,61.564,0.099,-19.888,0.089,2458803.84,0.02,0,,5.5,2.718,0.543,2500,500,9,2,86.3501,0.4789,6798.41,109.031,4.11412,0.083698,1.75449,0.0650955,PHT,19.26,5.95,6.73,2751.941754,10.02
441642457,441642457,2073.01,9.45253,0.006,209.882326,58.93291,-82.55,0.041,-23.795,0.042,2458745.51,,0,,5,1.086,0.543,1000,500,,,123.946,0.3855,5729,120.914,4.32178,0.0737775,1.15632,0.0541909,PHT,79.8072,0.0071,0.0076,649.8254732,3.55
441765914,441765914,2088.01,10.8812,0.006,261.374894,75.88228,-18.935,0.044,-1.971,0.055,2458769.6,,0,,7,2.174,0.543,2000,500,3.5,1,126.46,0.359,4902,123.229,4.5026,0.089012,0.831423,0.0533367,PHT,161.6,58.2,1460.1,2011.309109,3.6
452920657,452920657,,12.6973,0.007,8.334322,59.109923,22.964,0.025,16.086,0.025,2458810.57,0.01,0,,4.5,21.935,5.442,20000,5000,9,1,153.244,0.444,3907,157,4.59828,0.0118829,0.663933,0.0196111,PHT,53.2,29,34.3,18231.04583,9.71
455737331,455737331,,9.51477,0.006,357.351836,36.900456,112.827,0.06,-77.66,0.04,2458780.7,,0,,7,0.109,0.054,100,50,,,121.523,0.7205,5848,171.157,4.38886,0.0812249,1.08752,0.0516935,PHT,50.4,17.6,75,752.4824551,3.05
456909420,456909420,,10.3588,0.006,26.559097,18.695329,27.029,0.07,-4.27,0.071,2458779.411,0.005,,,,3.48,0.217,3200,200,,,147.959,0.8315,5265,125.757,4.3283,0.0851962,1.07767,0.0623794,PHT,5.78,5.29,5.95,2560.95947,9.15
458451774,458451774,,11.521,0.007,193.823807,44.52348,-158.153,0.037,-100.615,0.045,2458917.19,0.01,0,,2.5,6.534,0.543,6000,500,,,39.2687,0.0629,3476,157,4.82238,0.00375002,0.404667,0.0121108,PHT,12.39,6.34,83.97,6143.375467,3.33
48018596,48018596.01,2295.01,9.00772,0.006,281.576196,50.492466,-61.841,0.049,26.834,0.045,2458713.46,0.01,0,0,4.8,1.63,0.543,1500,500,5,1,126.279,0.395,5660,124.128,4.10485,0.0742244,1.47127,0.0724272,PHT,100.1145,0.0018,0.0021,1763.586815,7.88
53309262,53309262.01,,14.128,0.007,116.975483,57.698454,26.247,0.094,-26.644,0.078,2458863.1,0.1,0,,6.5,21.935,5.442,20000,5000,5,1,122.694,1.05,3373,157,4.82922,0.00369224,0.397211,0.012198,PHT,294.8,96,327,17525.30006,5.38
5364106,5364106.01,,11.0866,0.009,139.231123,-20.676234,-8.213,0.07,13.641,0.083,2459259.215,0.004,,,6.4,1.739,0.174,1600,160,5.4,0.4,299.679,3.4145,5964,131.187,4.27302,0.0803521,1.26252,0.0622311,PHT,277.6,71.5,167.5,1823.470088,5.79
53843023,53843023.01,,10.3852,0.006,327.638875,-26.556512,9.312,0.073,-13.399,0.07,2458328.04,0.01,0,0,3.8,2.174,0.543,2000,500,3.7,2,92.1219,0.4299,4713,125.814,4.49053,0.094358,0.815268,0.0598116,PHT,202,189,272,1703.223618,5.14
5966772,5966772.01,,10.4795,0.006,193.398197,-23.119791,-55.084,0.091,-73.352,0.117,2459331.1,0.01,,,,1.304,0.271,1200,250,2.8,0.4,87.0611,0.41,4677,130.555,4.56264,0.0955044,0.750312,0.0567965,PHT,24.6,11.9,23.9,1823.470088,2.83
63698669,63698669.01,1892.01,9.9312,0.006,5.165323,-33.984476,67.063,0.062,-13.027,0.047,2458364.61,0.05,0,,7.5,1.086,0.543,1000,500,,,97.4697,0.375,5431,124.824,4.61475,0.0804396,0.795285,0.0424071,PHT,73.6,26.8,133.6,694.9668937,2.15
70887357,70887357.01,2008.01,8.64807,0.006,63.857632,-16.902144,47.551,0.054,-30.747,0.053,2458454.34,0.02,0,0,6.2,3.262,0.543,3000,500,10.7,2,139.212,0.7375,5609,127.425,3.85553,0.0810014,1.94771,0.102432,PHT,56.1,15.3,18.8,2976.351579,12.84
7422496,7422496.01,4189.01,8.7601,0.006,81.348892,-44.431285,-44.098,0.042,-110.328,0.051,2458470.354,0.05,0,,5.9,0.76,0.326,700,300,2.4,1,69.6026,0.1272,5744,117.134,4.56261,0.0761973,0.879321,0.0413869,PHT,61.4,16.7,49,716.1209025,2.44
81089255,81089255.01,,11.8409,0.006,122.694102,-43.853401,-12.784,0.044,19.85,0.045,2459260.207,0.004,,,4.3,5.115,0.652,4700,600,10.6,1,564.158,8.164,7459,134.564,4.36132,0.0824888,1.42847,0.0521105,PHT,8.54,2.79,8.65,557.4723546,10.68
82452140,82452140.01,2289.01,10.0011,0.006,255.097557,39.73025,4.347,0.057,74.99,0.049,2458964.29,0.01,20.32,0.2,,1.521,0.326,1400,300,2.95,0.4,139.616,0.6075,5717,124.297,4.43377,0.0752605,1.01496,0.0507136,PHT,21.1338,0.0052,0.0066,847.574459,2.95
88840705,88840705.01,2318.01,8.6512,0.008,262.589332,40.369465,17.54,2,-55.45,2,2459026.649,0.001,,,4.7,4.352,0.543,4000,500,,,45.0103,,4968,,,,0.844548,,PHT,260.6,87.6,142.2,4079.573811,9.98
91987762,91987762.01,1898.01,7.4098,0.006,144.5553,23.546746,-64.433,0.106,-41.485,0.093,2458894.255,0.02,0,,4.7,3.262,0.217,3000,200,9.5,2,79.6682,0.44,6303.91,141.811,4.11765,0.0924486,1.61034,0.079598,PHT,10.51,3.48,3.67,2966.004825,9.56
95768667,95768667.01,,9.79566,0.006,160.589156,21.771246,-20.161,0.075,-48.894,0.078,2458818.35,0.05,0,,4.5,1.086,0.217,1000,200,,,156.458,1.268,5994,127.228,4.35991,0.0785185,1.14964,0.0559296,PHT,26.9,12.4,72.3,909.6473191,3.54
98794593,98794593.01,,7.6909,0.006,45.333886,-17.229924,-30.267,0.074,78.73,0.093,2459169.317,0.005,,,10,0.395,0.054,364,50,3.2,0.5,86.3361,0.367,6206.45,111.202,4.13417,0.0779935,1.54783,0.0634623,PHT,78.9,22.1,36.6,1823.470088,3.22
333736132,333736132,,12.0742,0.006,170.276336,-26.066616,-43.452,0.059,-13.511,0.042,2459283.545,0.01,,,17.512254,1.086279,16000,1000,3,10.5,0.5,183.078,1.2805,4722,127.053,4.55866,0.0931376,0.756773,0.0555528,other,,,,,
334632624,334632624,4361.01,8.6661,0.006,141.347664,-15.922146,66.673,0.072,-59.705,0.077,2459262.07,0.02,,,7.626879,0.543004,7000,500,6.2,3.5,0.2,98.2063,0.44725,5944,125.143,4.30249,0.0780578,1.22039,0.0575729,other,,,,,
441546821,441546821,,7.7897,0.006,197.317124,-60.308435,-39.61,0.051,-20.132,0.056,2459339.053,0.02,,,5.11499,0.32577,4700,300,15,11,0.5,95.3906,0.4497,6613,125.704,4.23,0.0873709,1.4927,0.0646482,other,,,,,
453060368,453060368,,12.7964,0.016,145.897267,0.615029,-28.137,0.088,11.11,0.071,2459262.262,0.02,,,21.934811,1.086279,20000,1000,4,13.5,1,355.116,6.0045,5388.3,115.358,4.52564,0.0836987,0.87655,0.0562463,other,,,,,
237214311,237214311,,12.481,0.007,294.96949,74.687081,35.892,0.03,44.074,0.032,2458694.455,,37.5215,,17.910651,,16361,,8.473,16.85,,496.572,3.609,5818,126.171,4.29646,0.0743045,1.20614,0.058,other,,,,,
243278072,243278072,,12.7862,0.007,288.427287,59.948706,-6.565,0.026,-7.183,0.024,2458688.904,,26.6728,,19.199545,,17528,,4.7456,21.17,,837.815,8.215,6323,129.469,4.20384,0.0844022,1.4641,0.0688517,other,,,,,
91555165,91555165.01,2345.01,10.3759,0.006,43.884794,-34.977975,202.401,0.03,-104.353,0.04,2458382.885,0.004,1.05289,0.00014,0.493036,,454,,0.061,1.57,0.26,81.6541,0.16515,4621,125.488,4.54139,0.095621,0.758575,0.0576507,other,,,,,
165493409,165493409,,10.3836,0.006,180.445144,-36.446937,-29.868,0.049,-0.708,0.032,2458571.023,0.0026,9.112,0.002,5.837382,,5362,,0.215,15.94,3.52,338.284,4.177,6132,134.41,3.94665,0.0840218,1.89643,0.0911305,other,,,,,
231945429,231945429,,10.5757,0.006,94.142332,-44.637833,9.394,0.148,7.847,0.183,2458420.282,0.0014,30.46181,,5.374646,,4938,,0.124,27.21,31.71,462.189,16.2115,6458,127.066,3.89082,0.0900782,2.14912,0.122151,other,,,,,
382200986,382200986,4409.01,11.8911,0.006,81.818658,-54.946098,-6.307,0.05,17.58,0.047,2458243.916,0.0067,92.49514,0.00245,12.108079,,11090,,0.286,8.07,0.81,179.419,0.7355,4937,122.827,4.61752,0.0874033,0.732008,0.0451131,other,,,,,
25227021,25227021.01,,11.3306,0.008,326.953733,-19.954167,-23.223,0.084,-25.638,0.088,2459080.521,,,,9.837776,,9020,,10.992,13.979,,369.694,6.653,6052,120.476,4.2326,0.0752815,1.3467,0.061897,other,,,,,
141428309,141428309,,11.394,0.006,84.678927,-72.812689,14.153,0.036,26.913,0.048,2459040.899,,,,13.987133,,12800,,9.6,,,293.841,2.0255,5936,135.908,4.38311,0.0806283,1.10711,0.0534322,other,,,,,
224279805,224279805,,12.1454,0.006,355.738475,-40.772227,-29.153,0.047,-12.225,0.063,2459105.228,0.014,,,7.856515,1.281925,7210,1180,5.808,11.1215,0.87567,424.084,8.696,5591.2,123.703,4.27654,0.0800525,1.19834,0.0662412,other,,,,,
279401253,279401253,,11.2625,0.007,57.657228,-15.026225,26.853,0.049,-26.54,0.035,2459151.042,0.013,,,9.574859,0.347491,8780,320,4.272,11.542,0.208,285.584,2.764,5859,125.434,4.35954,0.0799113,1.12699,0.0550855,other,,,,,
313891529,313891529,2424.01,10.2845,0.007,0.315071,-28.493223,20.554,0.072,-1.25,0.054,2459092.276,0.008,,,8.129955,0.054288,7460,50,5.208,,,410.945,9.2965,6173.5,130.305,3.76326,0.0854544,2.36235,0.127678,other,,,,,
386131764,386131764,2633.01,11.6886,0.011,111.590401,-13.925637,-4.879,0.065,1.001,0.058,2459253.582,0,,,3.616382,0.240235,3325.27,221.24,2.4,10.53,0.34,746.036,26.107,7811,143.047,4.25974,0.0792241,1.67013,0.0747588,other,,,,,
814205011,814205011,,10.7341,0.008,137.0352,-52.148757,-14.723,0.066,15.711,0.061,2459265.474,0.0104,,,4.639129,0.112206,4263.68,103.34,4.33,11.47,0.14,515.592,9.0315,10314,375.134,4.44909,0.0745421,1.60735,0.0672161,other,,,,,
20299658,20299658.01,2536.01,12.7022,0.006,90.963936,-39.546448,4.166,1.172,3.286,1.172,2458455.736,0.00669,31.989,0.012,,,,,,,,631.951,,,,,,,,other,,,,,
237922465,237922465,2416.01,12.4333,0.006,57.338941,-60.787186,8.644,0.035,-10.165,0.041,2458409.141,0.00096,8.27603,0.00034,0.754849,0.048859,695,45,,,,557.733,5.9985,5640.1,121.966,4.15247,0.0772388,1.38931,0.0735276,other,,,,,
279070369,279070369,,12.4466,0.007,49.886583,-1.237934,3.813,0.052,-13.775,0.057,2458416.537,0.0026,,,8.830274,0.434381,8100,400,,,,543.41,10.458,5872,128.233,4.25052,0.0804508,1.27769,0.0653065,other,,,,,
290403522,290403522,,10.2912,0.006,330.958061,-72.44083,15.058,0.058,-16.916,0.066,2458346.564,0.0025083,22.37522149,8.46E-05,6.643273,0.217169,6100,200,,,,290.48,3.326,6613,135.008,4.24236,0.0914832,1.47161,0.0672739,other,,,,,
308211363,308211363,,12.0398,0.007,198.154162,-17.869118,-10.647,0.074,-4.733,0.062,2458580.389,0.0024,,,16.299202,0.543004,14900,500,,,,243.943,2.792,5132,115.896,4.49209,0.0811385,0.876489,0.0492463,other,,,,,
349972412,349972412,,12.5542,0.006,114.467307,-62.078278,-8.658,0.026,-8.319,0.03,2458401.398,0.00548175,81.8346,0.0056273,9.487235,1.086279,8700,1000,,,,342.605,1.707,5271,130.36,4.42694,0.0814877,0.960919,0.0548341,other,,,,,